username,امتیاز از منشن,لایک پست
amirali.___.mgh,0,نه
kavusi,2,نه
helll1122,0,نه
bita.shadlo,0,نه
fun2afun,1,نه
sajjadbakhshi14,0,نه
amirmahd582,0,نه
mahnaaz_asd,0,بله
_aliyazdani,0,نه
m.a.h.s.asalimi3,0,بله
asghari_051,0,نه
ylymwswyznjny,0,نه
mohsen_miri7,0,نه
farzane73.sa,0,نه
arash.ab6756,0,نه
sanazz0317,0,نه
daniiiiiiiiiiiiii63,1,نه
ehsanbeyk1079,0,نه
mayahi_79,1,نه
saber_aghamiri,0,نه
7150diyar,0,نه
my.design,0,نه
bachehland.ir,0,نه
abolfazl.porhoseni,0,نه
namy.mirza_amin,0,نه
kelip_arash,0,نه
arezohematymehr4,0,نه
mortezatm6939,0,نه
hafizsiratt,0,نه
amisesx,0,نه
aidingholam_nia,0,نه
mohamadmahdinorouzi,0,نه
3m_gta_shooti,0,نه
taleb.yekta3.o.m.d,0,نه
muhammad_zinati,0,نه
ali_mrrdd,1,نه
farhad.ir14,0,نه
tatalooifan00,0,نه
nima_6866,0,نه
rozhin_sunshine,1,نه
kashef001,0,نه
kardarmanzel_777,0,نه
asedmoein,0,نه
akramvahebi_sahzabi,0,نه
amiram_zn,0,نه
amirasgari0_0,0,نه
alli_jamshidi,1,نه
abolfazl.ma85,1,نه
mohammad.reza.official,0,نه
hamid.ahmadiy,0,نه
fhimhghi,0,نه
hadikhanverdi1997,0,نه
am.irhossin1085,0,نه
mis.fati.68,0,نه
mm_____hh____nn,0,نه
rasoulkhk,1,نه
ariasabetghadam,0,نه
kiyarash_eslami,0,نه
omid.va58.20,0,نه
myr32179,0,نه
behrozferdosi,1,نه
seniz_doosti,0,نه
a.l.i.3010,0,نه
amir.sezin,0,نه
reza_mirahmadi72,0,نه
javadi.nazri,0,نه
mostafa_aslami59,0,نه
mhmdrdmhmdy822,0,نه
amir_reza_rezaei_nouri,0,نه
navid_building_group,0,نه
x8m_javad_y8x,0,نه
mm4215270,0,نه
asalkounani,0,نه
hosseinbahmanyi,0,نه
koroshkabir635,0,نه
mahboobehmoballegh,0,نه
clipfan.a.r,0,نه
miss.zarghani,0,نه
pouya_hoseynii,0,نه
amir138499_,0,نه
love_story7074,0,نه
hamrahi7878,0,نه
reza_.rz_,0,نه
afshin_kkh,0,نه
